"","Category","ID","Term","Count","X.","PValue","Genes","List.Total","Pop.Hits","Pop.Total","Fold.Enrichment","Bonferroni","Benjamini","FDR"
"1","KEGG_PATHWAY","hsa05200","Pathways in cancer",8,8.51063829787234,0.00220369178228081,"FZD4, TPM3, EGF, MYC, PLEKHG5, NCOA4, BCL2L1, CRKL",34,393,6879,4.11854512797485,0.190863665990804,0.211554411098958,0.211554411098958
"2","KEGG_PATHWAY","hsa04630","Jak-STAT signaling pathway",5,5.31914893617021,0.00481924057370227,"CCND3, MYC, IFNLR1, PRLR, BCL2L1",34,145,6879,6.97667342799189,0.371088979145613,0.231323547537709,0.231323547537709
"3","KEGG_PATHWAY","hsa05216","Thyroid cancer",3,3.19148936170213,0.00835671042494529,"TPM3, MYC, NCOA4",34,29,6879,20.9300202839757,0.55318697240977,0.267414733598249,0.267414733598249
"4","KEGG_PATHWAY","hsa04010","MAPK signaling pathway",5,5.31914893617021,0.0316490599641286,"RPS6KA3, EGF, MYC, SRF, CRKL",34,253,6879,3.99848872355266,0.954380897725395,0.615322871379867,0.615322871379867
"5","KEGG_PATHWAY","hsa05166","HTLV-I infection",5,5.31914893617021,0.0320480662177014,"CCND3, FZD4, MYC, SRF, BCL2L1",34,254,6879,3.98274664196387,0.956150563887537,0.615322871379867,0.615322871379867
"6","KEGG_PATHWAY","hsa05220","Chronic myeloid leukemia",3,3.19148936170213,0.0463036867398237,"MYC, BCL2L1, CRKL",34,72,6879,8.43014705882353,0.989447145218304,0.740858987837179,0.740858987837179
